1011;Budapest;5
1012;Budapest;5
1013;Budapest;5
1014;Budapest;5
1015;Budapest;5
1016;Budapest;5
1021;Budapest;5
1022;Budapest;5
1023;Budapest;5
1024;Budapest;5
1025;Budapest;5
1026;Budapest;5
1027;Budapest;5
1028;Budapest;5
1029;Budapest;5
1031;Budapest;5
1032;Budapest;5
1033;Budapest;5
1034;Budapest;5
1035;Budapest;5
1036;Budapest;5
1037;Budapest;5
1038;Budapest;5
1039;Budapest;5
1041;Budapest;5
1042;Budapest;5
1043;Budapest;5
1044;Budapest;5
1045;Budapest;5
1046;Budapest;5
1047;Budapest;5
1048;Budapest;5
1051;Budapest;5
1052;Budapest;5
1053;Budapest;5
1054;Budapest;5
1055;Budapest;5
1056;Budapest;5
1061;Budapest;5
1062;Budapest;5
1063;Budapest;5
1064;Budapest;5
1065;Budapest;5
1066;Budapest;5
1067;Budapest;5
1068;Budapest;5
1069;Budapest;5
1071;Budapest;5
1072;Budapest;5
1073;Budapest;5
1074;Budapest;5
1075;Budapest;5
1076;Budapest;5
1077;Budapest;5
1078;Budapest;5
1081;Budapest;5
1082;Budapest;5
1083;Budapest;5
1084;Budapest;5
1085;Budapest;5
1086;Budapest;5
1087;Budapest;5
1088;Budapest;5
1089;Budapest;5
1091;Budapest;5
1092;Budapest;5
1093;Budapest;5
1094;Budapest;5
1095;Budapest;5
1096;Budapest;5
1097;Budapest;5
1098;Budapest;5
1101;Budapest;5
1102;Budapest;5
1103;Budapest;5
1104;Budapest;5
1105;Budapest;5
1106;Budapest;5
1107;Budapest;5
1108;Budapest;5
1111;Budapest;5
1112;Budapest;5
1113;Budapest;5
1114;Budapest;5
1115;Budapest;5
1116;Budapest;5
1117;Budapest;5
1118;Budapest;5
1119;Budapest;5
1121;Budapest;5
1122;Budapest;5
1123;Budapest;5
1124;Budapest;5
1125;Budapest;5
1126;Budapest;5
1131;Budapest;5
1132;Budapest;5
1133;Budapest;5
1134;Budapest;5
1135;Budapest;5
1136;Budapest;5
1137;Budapest;5
1138;Budapest;5
1139;Budapest;5
1141;Budapest;5
1142;Budapest;5
1143;Budapest;5
1144;Budapest;5
1145;Budapest;5
1146;Budapest;5
1147;Budapest;5
1148;Budapest;5
1149;Budapest;5
1151;Budapest;5
1152;Budapest;5
1153;Budapest;5
1154;Budapest;5
1155;Budapest;5
1156;Budapest;5
1157;Budapest;5
1158;Budapest;5
1161;Budapest;5
1162;Budapest;5
1163;Budapest;5
1164;Budapest;5
1165;Budapest;5
1171;Budapest;5
1172;Budapest;5
1173;Budapest;5
1174;Budapest;5
1181;Budapest;5
1182;Budapest;5
1183;Budapest;5
1184;Budapest;5
1185;Budapest;5
1186;Budapest;5
1188;Budapest;5
1191;Budapest;5
1192;Budapest;5
1193;Budapest;5
1194;Budapest;5
1195;Budapest;5
1196;Budapest;5
1201;Budapest;5
1202;Budapest;5
1203;Budapest;5
1204;Budapest;5
1205;Budapest;5
1211;Budapest;5
1212;Budapest;5
1213;Budapest;5
1214;Budapest;5
1215;Budapest;5
1221;Budapest;5
1222;Budapest;5
1223;Budapest;5
1224;Budapest;5
1225;Budapest;5
1237;Budapest;5
1238;Budapest;5
1239;Budapest;5
1529;Budapest;5
2000;Szentendre;14
2009;Pilisszentlászló;14
2011;Budakalász;14
2013;Pomáz;18
2014;Csobánka;14
2015;Szigetmonostor;14
2016;Leányfalu;14
2017;Pócsmegyer;14
2021;Tahitótfalu;14
2022;Tahitótfalu;14
2023;Dunabogdány;14
2024;Kisoroszi;14
2025;Visegrád;14
2026;Visegrád;14
2027;Dömös;18
2028;Pilismarót;12
2030;Érd;14
2035;Érd;14
2036;Érd;14
2038;Sóskút;18
2039;Pusztazámor;18
2040;Budaörs;14
2045;Törökbálint;20
2049;Diósd;14
2051;Biatorbágy;14
2053;Herceghalom;14
2060;Bicske;7
2063;Óbarok;7
2064;Csabdi;7
2065;Mány;7
2066;Szár;7
2066;Újbarok;7
2067;Szárliget;12
2071;Páty;14
2072;Zsámbék;14
2073;Tök;4
2074;Perbál;14
2080;Pilisjászfalu;14
2081;Piliscsaba;14
2083;Solymár;15
2084;Pilisszentiván;14
2085;Pilisvörösvár;14
2086;Tinnye;14
2087;Piliscsaba;14
2089;Telki;14
2091;Etyek;7
2092;Budakeszi;14
2093;Budajenő;14
2094;Nagykovácsi;14
2094;Remeteszőlős;14
2095;Pilisszántó;14
2096;Üröm;19
2097;Pilisborosjenő;14
2098;Pilisszentkereszt;14
2099;Pilisszentkereszt;14
2100;Gödöllő;14
2111;Szada;14
2112;Veresegyház;14
2113;Erdőkertes;14
2114;Valkó;14
2115;Vácszentlászló;14
2116;Zsámbok;14
2117;Isaszeg;14
2118;Dány;14
2119;Pécel;14
2120;Dunakeszi;14
2131;Göd;19
2132;Göd;4
2133;Sződliget;11
2134;Sződ;11
2141;Csömör;8
2142;Nagytarcsa;14
2143;Kistarcsa;14
2144;Kerepes;14
2145;Kerepes;14
2146;Mogyoród;12
2151;Fót;15
2161;Csomád;20
2162;Őrbottyán;4
2163;Vácrátót;14
2164;Váchartyán;14
2165;Kisnémedi;14
2166;Püspökszilágy;16
2167;Vácduka;14
2170;Aszód;14
2173;Kartal;14
2174;Verseg;14
2175;Kálló;13
2176;Erdőkürt;13
2177;Erdőtarcsa;13
2181;Iklad;14
2182;Domony;18
2183;Galgamácsa;14
2184;Vácegres;14
2185;Váckisújfalu;14
2191;Bag;14
2192;Hévízgyörk;14
2193;Galgahévíz;14
2194;Tura;14
2200;Monor;10
2209;Péteri;14
2211;Vasad;14
2212;Csévharaszt;14
2213;Monor;14
2214;Pánd;14
2215;Káva;14
2216;Bénye;14
2217;Gomba;14
2220;Vecsés;14
2225;Üllő;12
2230;Gyömrő;8
2233;Ecser;14
2234;Maglód;14
2235;Mende;14
2241;Sülysáp;20
2242;Sülysáp;12
2243;Kóka;19
2244;Úri;16
2251;Tápiószecső;14
2252;Tóalmás;14
2253;Tápióság;14
2254;Szentmártonkáta;14
2255;Szentlőrinckáta;14
2300;Ráckeve;14
2309;Lórév;2
2310;Szigetszentmiklós;14
2314;Halásztelek;14
2315;Szigethalom;14
2316;Tököl;4
2317;Szigetcsép;14
2318;Szigetszentmárton;14
2319;Szigetújfalu;14
2321;Szigetbecse;14
2322;Makád;14
2330;Dunaharaszti;14
2335;Taksony;14
2336;Dunavarsány;14
2337;Délegyháza;14
2338;Áporka;14
2339;Majosháza;14
2340;Kiskunlacháza;14
2344;Dömsöd;17
2345;Apaj;14
2347;Bugyi;14
2351;Alsónémedi;14
2360;Gyál;14
2363;Felsőpakony;14
2364;Ócsa;2
2365;Inárcs;14
2366;Kakucs;14
2367;Újhartyán;14
2370;Dabas;14
2371;Dabas;14
2373;Dabas;14
2375;Tatárszentgyörgy;14
2376;Hernád;14
2377;Örkény;10
2378;Pusztavacs;14
2381;Táborfalva;14
2400;Dunaújváros;7
2407;Dunaújváros;7
2421;Nagyvenyim;7
2422;Mezőfalva;7
2423;Előszállás;7
2424;Előszállás;7
2425;Nagykarácsony;7
2426;Baracs;7
2427;Baracs;7
2428;Kisapostag;7
2431;Perkáta;7
2432;Szabadegyháza;7
2433;Sárosd;7
2434;Hantos;7
2435;Nagylók;7
2440;Százhalombatta;14
2451;Ercsi;7
2453;Ercsi;7
2454;Iváncsa;7
2455;Beloiannisz;7
2456;Besnyő;7
2457;Adony;7
2458;Kulcs;1
2459;Rácalmás;7
2461;Tárnok;14
2462;Martonvásár;7
2463;Tordas;4
2464;Gyúró;16
2465;Ráckeresztúr;7
2471;Baracska;7
2472;Kajászó;7
2473;Vál;7
2475;Kápolnásnyék;7
2476;Pázmánd;7
2477;Vereb;7
2481;Velence;7
2483;Gárdony;7
2484;Gárdony;7
2485;Gárdony;7
2490;Pusztaszabolcs;7
2500;Esztergom;12
2509;Esztergom;12
2510;Dorog;14
2517;Kesztölc;12
2518;Leányvár;12
2519;Piliscsév;12
2521;Csolnok;15
2522;Dág;12
2523;Sárisáp;12
2524;Nagysáp;12
2525;Bajna;12
2526;Epöl;12
2527;Máriahalom;12
2528;Úny;16
2529;Annavölgy;12
2531;Tokod;12
2532;Tokodaltáró;18
2533;Bajót;12
2534;Tát;12
2535;Mogyorósbánya;4
2536;Nyergesújfalu;12
2537;Nyergesújfalu;12
2541;Lábatlan;12
2543;Süttő;12
2544;Neszmély;12
2545;Dunaalmás;12
2600;Vác;14
2610;Nőtincs;20
2610;Ősagárd;17
2611;Felsőpetény;13
2612;Kosd;4
2613;Rád;14
2614;Penc;14
2615;Csővár;14
2616;Keszeg;13
2617;Alsópetény;13
2618;Nézsa;13
2619;Legénd;13
2621;Verőce;14
2623;Kismaros;14
2624;Szokolya;4
2625;Kóspallag;15
2626;Nagymaros;14
2627;Zebegény;14
2628;Szob;14
2629;Márianosztra;14
2631;Ipolydamásd;14
2632;Letkés;14
2633;Ipolytölgyes;14
2634;Nagybörzsöny;14
2635;Tésa;14
2635;Vámosmikola;14
2637;Perőcsény;14
2638;Kemence;14
2639;Bernecebaráti;14
2640;Szendehely;13
2641;Berkenye;13
2642;Nógrád;13
2643;Diósjenő;13
2644;Borsosberény;20
2645;Nagyoroszi;13
2646;Drégelypalánk;13
2647;Hont;13
2648;Patak;13
2649;Dejtár;13
2651;Rétság;13
2652;Tereske;13
2653;Bánk;13
2654;Romhány;2
2655;Kétbodony;13
2655;Kisecset;13
2655;Szente;13
2656;Szátok;13
2657;Tolmács;17
2658;Horpács;10
2658;Pusztaberki;4
2659;Érsekvadkert;13
2660;Balassagyarmat;13
2668;Patvarc;13
2669;Ipolyvece;13
2671;Őrhalom;20
2672;Hugyag;13
2673;Csitár;13
2675;Iliny;13
2675;Nógrádmarcal;13
2676;Cserhátsurány;13
2677;Herencsény;13
2678;Csesztve;13
2681;Galgagyörk;14
2682;Püspökhatvan;13
2683;Acsa;14
2685;Nógrádsáp;13
2686;Galgaguta;13
2687;Bercel;13
2688;Vanyarc;13
2691;Nógrádkövesd;13
2692;Szécsénke;13
2693;Becske;13
2694;Cserháthaláp;13
2694;Debercsény;13
2694;Magyarnándor;13
2696;Terény;13
2697;Szanda;13
2698;Mohora;20
2699;Szügy;4
2700;Cegléd;14
2711;Tápiószentmárton;14
2712;Nyársapát;14
2713;Csemő;14
2721;Pilis;14
2723;Nyáregyháza;14
2724;Újlengyel;14
2730;Albertirsa;14
2735;Dánszentmiklós;14
2736;Mikebuda;14
2737;Ceglédbercel;14
2738;Cegléd;14
2740;Abony;14
2745;Kőröstetétlen;18
2746;Jászkarajenő;14
2747;Törtel;14
2750;Nagykőrös;2
2755;Kocsér;17
2760;Nagykáta;14
2764;Tápióbicske;14
2765;Farmos;14
2766;Tápiószele;14
2767;Tápiógyörgye;14
2768;Újszilvás;14
2769;Tápiószőlős;14
2800;Tatabánya;12
2821;Gyermely;12
2822;Szomor;4
2823;Vértessomló;12
2824;Várgesztes;12
2831;Tarján;12
2832;Héreg;12
2833;Vértestolna;12
2834;Tardos;12
2835;Tata;12
2836;Baj;12
2837;Vértesszőlős;12
2840;Oroszlány;4
2851;Környe;2
2852;Kecskéd;12
2853;Kömlőd;8
2854;Dad;12
2855;Bokod;15
2856;Szákszend;12
2858;Császár;12
2859;Vérteskethely;12
2861;Bakonysárkány;12
2862;Aka;12
2870;Kisbér;12
2879;Kisbér;12
2881;Kisbér;12
2882;Kerékteleki;12
2883;Bársonyos;12
2884;Bakonyszombathely;12
2885;Bakonybánk;12
2886;Réde;12
2887;Ácsteszér;12
2888;Csatka;12
2889;Súr;20
2890;Tata;12
2896;Szomód;2
2897;Dunaszentmiklós;12
2898;Kocs;14
2899;Naszály;12
2900;Komárom;16
2903;Komárom;15
2911;Mocsa;12
2921;Komárom;4
2931;Almásfüzitő;12
2941;Ács;12
2942;Nagyigmánd;12
2943;Bábolna;12
2944;Bana;12
2945;Tárkány;12
2946;Csép;12
2947;Ete;12
2948;Kisigmánd;12
2949;Csém;12
3000;Hatvan;10
3011;Heréd;10
3012;Nagykökényes;17
3013;Ecséd;10
3014;Hort;9
3015;Csány;10
3016;Boldog;15
3021;Lőrinci;2
3022;Lőrinci;19
3023;Petőfibánya;10
3024;Lőrinci;7
3031;Zagyvaszántó;10
3032;Apc;10
3033;Rózsaszentmárton;6
3034;Szűcsi;13
3035;Gyöngyöspata;10
3036;Gyöngyöstarján;10
3041;Héhalom;13
3042;Palotás;13
3043;Egyházasdengeleg;13
3044;Szirák;13
3045;Bér;13
3046;Kisbágyon;13
3047;Buják;13
3051;Szarvasgede;13
3052;Csécse;13
3053;Ecseg;13
3053;Kozárd;2
3060;Pásztó;13
3063;Jobbágyi;13
3064;Szurdokpüspöki;2
3065;Pásztó;13
3066;Bokor;2
3066;Cserhátszentiván;13
3066;Kutasó;19
3067;Felsőtold;13
3067;Garáb;13
3068;Mátraszőlős;13
3069;Alsótold;13
3070;Bátonyterenye;13
3073;Tar;13
3074;Sámsonháza;13
3075;Kisbárkány;13
3075;Márkháza;13
3075;Nagybárkány;13
3077;Mátraverebély;13
3078;Bátonyterenye;13
3082;Pásztó;13
3100;Salgótarján;13
3102;Salgótarján;13
3104;Salgótarján;13
3109;Salgótarján;13
3121;Salgótarján;13
3123;Cered;13
3124;Zabar;13
3125;Szilaspogony;13
3126;Bárna;13
3127;Kazár;13
3128;Vizslás;13
3129;Lucfalva;13
3129;Nagykeresztúr;13
3131;Sóshartyán;2
3132;Nógrádmegyer;13
3133;Magyargéc;13
3134;Piliny;13
3135;Szécsényfelfalu;13
3136;Etes;13
3137;Karancsberény;13
3138;Ipolytarnóc;13
3141;Salgótarján;13
3142;Mátraszele;13
3143;Mátranovák;13
3144;Mátranovák;13
3145;Mátraterenye;13
3146;Mátraterenye;13
3147;Kazár;13
3151;Bátonyterenye;13
3152;Nemti;13
3153;Dorogháza;8
3154;Szuha;4
3155;Mátramindszent;13
3161;Kishartyán;13
3162;Ságújfalu;13
3163;Karancsság;13
3163;Szalmatercs;13
3165;Endrefalva;13
3170;Szécsény;13
3175;Nagylóc;13
3176;Hollókő;19
3177;Rimóc;13
3178;Varsány;13
3179;Nógrádsipek;13
3181;Karancsalja;13
3182;Karancslapujtő;13
3183;Karancskeszi;13
3184;Mihálygerge;13
3185;Egyházasgerge;13
3186;Litke;13
3187;Nógrádszakál;13
3188;Ludányhalászi;13
3200;Gyöngyös;10
3211;Gyöngyösoroszi;2
3212;Gyöngyöshalász;18
3213;Atkár;10
3214;Nagyréde;10
3221;Gyöngyös;2
3231;Gyöngyössolymos;10
3232;Gyöngyös;10
3233;Gyöngyös;10
3234;Mátraszentimre;10
3235;Mátraszentimre;10
3240;Parád;10
3242;Parádsasvár;10
3243;Bodony;4
3244;Parád;10
3245;Recsk;10
3246;Mátraderecske;10
3247;Mátraballa;10
3248;Ivád;10
3250;Pétervására;10
3252;Erdőkövesd;10
3253;Istenmezeje;10
3254;Váraszó;10
3255;Fedémes;10
3256;Kisfüzes;10
3257;Bükkszenterzsébet;10
3258;Tarnalelesz;10
3259;Szentdomonkos;10
3261;Abasár;10
3262;Markaz;10
3263;Domoszló;20
3264;Kisnána;10
3265;Vécs;10
3271;Visonta;10
3272;Visonta;10
3273;Halmajugra;10
3274;Ludas;10
3275;Detk;10
3281;Karácsond;10
3282;Nagyfüged;10
3283;Tarnazsadány;10
3284;Tarnaméra;10
3291;Vámosgyörk;10
3292;Adács;10
3293;Visznek;10
3294;Tarnaörs;10
3295;Erk;10
3296;Zaránk;10
3300;Eger;10
3304;Eger;10
3321;Egerbakta;10
3322;Hevesaranyos;10
3323;Eger;10
3324;Felsőtárkány;10
3325;Noszvaj;10
3326;Ostoros;16
3327;Novaj;4
3328;Egerszólát;4
3331;Tarnaszentmária;10
3332;Sirok;10
3334;Szajla;10
3334;Terpes;10
3335;Bükkszék;2
3336;Bátor;10
3337;Egerbocs;10
3341;Egercsehi;10
3341;Szúcs;10
3343;Bekölce;10
3344;Mikófalva;10
3345;Mónosbél;19
3346;Bélapátfalva;10
3346;Bükkszentmárton;4
3347;Balaton;10
3348;Szilvásvárad;15
3349;Nagyvisnyó;10
3350;Kál;10
3351;Verpelét;10
3352;Feldebrő;10
3353;Aldebrő;10
3354;Tófalu;10
3355;Kápolna;10
3356;Kompolt;14
3357;Nagyút;10
3358;Erdőtelek;10
3359;Tenk;10
3360;Heves;10
3368;Boconád;1
3369;Tarnabod;10
3371;Átány;10
3372;Kömlő;3
3373;Besenyőtelek;10
3374;Dormánd;12
3375;Mezőtárkány;10
3377;Szihalom;10
3378;Mezőszemere;10
3379;Egerfarmos;10
3381;Pély;10
3382;Tarnaszentmiklós;10
3383;Hevesvezekény;10
3384;Kisköre;15
3385;Tiszanána;10
3386;Sarud;10
3387;Újlőrincfalva;10
3388;Poroszló;15
3390;Füzesabony;10
3394;Egerszalók;10
3395;Demjén;10
3396;Kerecsend;10
3397;Maklár;10
3398;Nagytálya;10
3399;Andornaktálya;10
3400;Mezőkövesd;4
3411;Szomolya;15
3412;Bogács;17
3413;Cserépfalu;4
3414;Bükkzsérc;10
3416;Tard;4
3417;Cserépváralja;4
3418;Szentistván;4
3421;Mezőnyárád;4
3422;Bükkábrány;18
3423;Tibolddaróc;4
3424;Kács;4
3425;Sály;4
3426;Borsodgeszt;2
3431;Vatta;4
3432;Emőd;4
3433;Nyékládháza;4
3434;Mályi;4
3441;Mezőkeresztes;4
3442;Csincse;4
3443;Mezőnagymihály;4
3444;Gelej;4
3450;Mezőcsát;4
3458;Tiszakeszi;4
3459;Igrici;4
3461;Egerlövő;4
3462;Borsodivánka;18
3463;Négyes;4
3464;Tiszavalk;4
3465;Tiszabábolna;4
3466;Tiszadorogma;4
3467;Ároktő;4
3500;Miskolc;4
3501;Miskolc;4
3508;Miskolc;4
3510;Miskolc;4
3515;Miskolc;4
3516;Miskolc;4
3517;Miskolc;4
3518;Miskolc;4
3519;Miskolc;4
3521;Miskolc;4
3524;Miskolc;4
3525;Miskolc;4
3526;Miskolc;4
3527;Miskolc;4
3528;Miskolc;4
3529;Miskolc;4
3530;Miskolc;4
3531;Miskolc;4
3532;Miskolc;4
3533;Miskolc;4
3534;Miskolc;4
3535;Miskolc;4
3551;Ónod;1
3552;Muhi;4
3553;Kistokaj;4
3554;Bükkaranyos;4
3555;Harsány;4
3556;Kisgyőr;4
3557;Bükkszentkereszt;10
3559;Répáshuta;4
3561;Felsőzsolca;4
3562;Onga;15
3563;Hernádkak;4
3564;Hernádnémeti;4
3565;Tiszalúc;4
3571;Alsózsolca;4
3572;Sajólád;4
3573;Sajópetri;4
3574;Bőcs;20
3575;Berzék;4
3576;Sajóhidvég;4
3577;Köröm;15
3578;Girincs;4
3578;Kiscsécs;4
3579;Kesznyéten;4
3580;Tiszaújváros;4
3586;Sajóörös;4
3587;Tiszapalkonya;4
3588;Hejőkürt;4
3589;Tiszatarján;4
3591;Oszlár;1
3592;Nemesbikk;4
3593;Hejőbába;4
3594;Hejőpapi;4
3595;Hejőszalonta;4
3596;Szakáld;4
3597;Hejőkeresztúr;4
3598;Nagycsécs;4
3599;Sajószöged;4
3600;Ózd;19
3603;Ózd;15
3604;Ózd;14
3608;Farkaslyuk;4
3621;Ózd;19
3622;Uppony;18
3623;Borsodszentgyörgy;18
3625;Ózd;13
3626;Hangony;4
3627;Domaháza;16
3627;Kissikátor;4
3630;Putnok;14
3635;Dubicsány;4
3636;Sajógalgóc;4
3636;Vadna;4
3641;Nagybarca;4
3642;Bánhorváti;4
3643;Dédestapolcsány;4
3644;Tardona;4
3645;Mályinka;4
3646;Nekézseny;4
3647;Csokvaomány;14
3648;Bükkmogyorósd;4
3648;Csernely;4
3648;Lénárddaróc;4
3651;Ózd;11
3652;Sajónémeti;4
3653;Sajópüspöki;4
3654;Bánréve;4
3655;Hét;4
3656;Sajómercse;4
3656;Sajóvelezd;4
3657;Királd;4
3658;Borsodbóta;16
3659;Sáta;4
3661;Ózd;3
3662;Ózd;19
3663;Arló;4
3664;Járdánháza;4
3671;Borsodnádasd;4
3672;Borsodnádasd;18
3700;Kazincbarcika;4
3704;Berente;4
3711;Szirmabesenyő;4
3712;Sajósenye;4
3712;Sajóvámos;4
3713;Arnót;4
3714;Sajópálfala;4
3715;Gesztely;4
3716;Sóstófalva;20
3716;Újcsanálos;4
3717;Alsódobsza;4
3718;Megyaszó;4
3720;Sajóivánka;4
3720;Sajókaza;4
3721;Dövény;20
3721;Felsőnyárád;4
3721;Jákfalva;4
3722;Felsőkelecsény;4
3723;Zubogy;4
3724;Imola;4
3724;Ragály;4
3724;Trizs;4
3726;Alsószuha;4
3726;Szuhafő;4
3726;Zádorfalva;4
3728;Gömörszőlős;2
3728;Kelemér;4
3729;Serényfalva;4
3731;Szuhakálló;2
3732;Kurityán;6
3733;Rudabánya;4
3734;Szuhogy;15
3735;Alsótelekes;4
3735;Felsőtelekes;4
3735;Kánó;4
3741;Izsófalva;4
3742;Rudolftelep;4
3743;Ormosbánya;4
3744;Múcsony;4
3751;Szendrőlád;4
3752;Galvács;4
3752;Szendrő;4
3753;Abod;4
3754;Meszes;4
3754;Szalonna;4
3755;Martonyi;4
3756;Perkupa;4
3756;Varbóc;4
3757;Égerszög;10
3757;Szőlősardó;18
3757;Teresztenye;4
3758;Jósvafő;4
3759;Aggtelek;4
3761;Szin;4
3761;Szinpetri;4
3761;Tornakápolna;4
3762;Szögliget;18
3763;Bódvaszilas;2
3764;Bódvarákó;2
3765;Komjáti;10
3765;Tornabarakony;20
3765;Tornaszentandrás;18
3767;Tornanádaska;16
3768;Becskeháza;4
3768;Bódvalenke;2
3768;Hidvégardó;4
3769;Tornaszentjakab;15
3770;Sajószentpéter;4
3773;Sajókápolna;4
3773;Sajólászlófalva;4
3775;Kondó;14
3776;Radostyán;4
3777;Parasznya;4
3778;Varbó;4
3779;Alacska;4
3780;Balajt;4
3780;Damak;4
3780;Edelény;4
3780;Ládbesenyő;4
3783;Edelény;4
3786;Hegymeg;4
3786;Irota;4
3786;Lak;4
3786;Szakácsi;4
3787;Tomor;7
3791;Sajókeresztúr;4
3792;Sajóbábony;4
3793;Sajóecseg;4
3794;Boldva;6
3794;Ziliz;4
3795;Hangács;4
3795;Nyomár;18
3796;Borsodszirák;4
3800;Szikszó;4
3809;Abaújszolnok;4
3809;Nyésta;4
3809;Selyeb;4
3811;Alsóvadász;4
3812;Homrogd;13
3812;Monaj;4
3813;Kupa;15
3814;Felsővadász;4
3815;Abaújlak;4
3815;Gadna;4
3816;Gagyvendégi;4
3817;Gagybátor;4
3821;Büttös;15
3821;Kány;4
3821;Keresztéte;4
3821;Krasznokvajda;4
3821;Pamlény;4
3821;Perecse;4
3821;Szászfa;4
3825;Debréte;4
3825;Rakaca;4
3825;Viszló;4
3826;Rakacaszend;4
3831;Kázsmárk;4
3832;Léh;4
3833;Rásonysápberencs;4
3834;Beret;4
3834;Detek;4
3836;Baktakék;4
3837;Alsógagy;4
3837;Csenyéte;4
3837;Felsőgagy;4
3837;Gagyapáti;4
3841;Aszaló;4
3842;Halmaj;4
3843;Kiskinizs;4
3844;Nagykinizs;4
3844;Szentistvánbaksa;4
3846;Hernádkércs;4
3847;Felsődobsza;4
3848;Csobád;4
3849;Forró;9
3851;Ináncs;4
3852;Hernádszentandrás;4
3853;Hernádbűd;4
3853;Pere;4
3854;Encs;4
3855;Fancsal;4
3860;Encs;4
3863;Szalaszend;4
3864;Fulókércs;7
3865;Fáj;4
3866;Litka;4
3866;Szemere;4
3871;Méra;4
3872;Novajidrány;13
3873;Garadna;4
3874;Hernádpetri;4
3874;Hernádvécse;4
3874;Pusztaradvány;14
3875;Hernádszurdok;4
3876;Hidasnémeti;4
3877;Tornyosnémeti;3
3881;Abaújszántó;4
3881;Baskó;4
3881;Sima;4
3882;Abaújalpár;4
3882;Abaújkér;4
3884;Boldogkőújfalu;17
3885;Arka;4
3885;Boldogkőváralja;17
3886;Korlát;20
3887;Hernádcéce;4
3888;Vizsoly;4
3891;Vilmány;4
3892;Hejce;4
3893;Fony;15
3893;Mogyoróska;7
3893;Regéc;4
3894;Göncruszka;15
3895;Gönc;2
3896;Telkibánya;4
3897;Zsujta;4
3898;Abaújvár;4
3898;Pányok;4
3899;Kéked;4
3900;Szerencs;4
3903;Bekecs;4
3904;Legyesbénye;4
3905;Monok;14
3906;Golop;14
3907;Tállya;4
3908;Rátka;4
3909;Mád;4
3910;Tokaj;12
3915;Tarcal;4
3916;Bodrogkeresztúr;4
3917;Bodrogkisfalud;4
3918;Szegi;4
3918;Szegilong;4
3921;Taktaszada;4
3922;Taktaharkány;4
3923;Gesztely;4
3924;Taktakenéz;4
3925;Prügy;4
3926;Taktabáj;4
3927;Csobaj;4
3928;Tiszatardos;4
3929;Tiszaladány;4
3931;Mezőzombor;4
3932;Erdőbénye;4
3933;Olaszliszka;18
3934;Tolcsva;13
3935;Erdőhorváti;4
3936;Háromhuta;4
3937;Komlóska;17
3941;Vámosújfalu;8
3942;Sárazsadány;4
3943;Bodrogolaszi;4
3944;Sátoraljaújhely;4
3945;Sátoraljaújhely;4
3950;Sárospatak;4
3952;Sárospatak;4
3954;Györgytarló;17
3955;Kenézlő;4
3956;Viss;4
3957;Zalkod;4
3958;Hercegkút;4
3959;Makkoshotyka;4
3961;Vajdácska;4
3962;Karos;4
3963;Karcsa;4
3964;Pácin;4
3965;Kisrozvágy;4
3965;Nagyrozvágy;4
3967;Lácacséke;4
3971;Tiszakarád;4
3972;Tiszacsermely;4
3973;Cigánd;4
3974;Ricse;4
3974;Semjén;4
3976;Révleányvár;4
3977;Zemplénagárd;4
3978;Dámóc;4
3980;Sátoraljaújhely;4
3985;Alsóberecki;4
3985;Felsőberecki;4
3987;Bodroghalom;4
3988;Sátoraljaújhely;4
3989;Alsóregmec;4
3989;Felsőregmec;4
3989;Mikóháza;4
3991;Vilyvitány;4
3992;Kovácsvágás;18
3992;Vágáshuta;4
3993;Füzérradvány;4
3994;Bózsva;8
3994;Filkeháza;4
3994;Füzérkajata;4
3994;Kishuta;4
3994;Nagyhuta;4
3994;Pálháza;4
3995;Pusztafalu;6
3996;Füzér;4
3997;Füzérkomlós;4
3997;Nyíri;4
3999;Hollóháza;13
4000;Debrecen;9
4002;Debrecen;9
4024;Debrecen;9
4025;Debrecen;9
4026;Debrecen;9
4027;Debrecen;9
4028;Debrecen;9
4029;Debrecen;9
4030;Debrecen;9
4031;Debrecen;9
4032;Debrecen;9
4033;Debrecen;9
4034;Debrecen;9
4060;Balmazújváros;9
4063;Debrecen;9
4064;Nagyhegyes;9
4065;Újszentmargita;9
4066;Tiszacsege;9
4067;Egyek;9
4069;Egyek;9
4071;Hortobágy;2
4074;Hajdúböszörmény;9
4075;Görbeháza;4
4078;Debrecen;9
4079;Debrecen;9
4080;Hajdúnánás;9
4085;Hajdúnánás;9
4086;Hajdúböszörmény;9
4087;Hajdúdorog;9
4090;Folyás;4
4090;Polgár;9
4096;Újtikos;9
4097;Tiszagyulaháza;9
4100;Berettyóújfalu;9
4103;Berettyóújfalu;9
4110;Biharkeresztes;9
4114;Bojt;4
4115;Ártánd;9
4116;Berekböszörmény;9
4117;Told;17
4118;Mezőpeterd;9
4119;Váncsod;9
4121;Szentpéterszeg;9
4122;Gáborján;9
4123;Hencida;9
4124;Esztár;9
4125;Pocsaj;9
4126;Kismarja;9
4127;Nagykereki;9
4128;Bedő;9
4130;Derecske;9
4132;Tépe;9
4133;Konyár;4
4134;Mezősas;9
4135;Körösszegapáti;1
4136;Körösszakál;16
4137;Magyarhomorog;9
4138;Komádi;16
4141;Furta;17
4142;Zsáka;9
4143;Vekerd;9
4144;Darvas;9
4145;Csökmő;12
4146;Újiráz;9
4150;Püspökladány;8
4161;Báránd;9
4162;Szerep;9
4163;Szerep;9
4164;Bakonszeg;9
4171;Sárrétudvari;9
4172;Biharnagybajom;9
4173;Nagyrábé;9
4174;Bihartorda;9
4175;Bihardancsháza;9
4176;Sáp;9
4177;Földes;15
4181;Nádudvar;9
4183;Kaba;9
4184;Tetétlen;9
4200;Hajdúszoboszló;9
4211;Ebes;9
4212;Hajdúszovát;9
4220;Hajdúböszörmény;9
4224;Hajdúböszörmény;9
4225;Debrecen;9
4231;Bököny;15
4232;Geszteréd;16
4233;Balkány;16
4234;Szakoly;16
4235;Biri;16
4241;Bocskaikert;7
4242;Hajdúhadház;9
4243;Téglás;9
4244;Újfehértó;16
4245;Érpatak;16
4246;Nyíregyháza;16
4251;Hajdúsámson;9
4252;Nyíradony;9
4253;Nyíradony;9
4254;Nyíradony;9
4262;Nyíracsád;9
4263;Nyírmártonfalva;9
4264;Nyírábrány;9
4266;Fülöp;16
4267;Penészlek;16
4271;Mikepércs;9
4272;Sáránd;9
4273;Hajdúbagos;9
4274;Hosszúpályi;18
4275;Monostorpályi;19
4281;Létavértes;9
4283;Létavértes;9
4284;Kokad;9
4285;Álmosd;9
4286;Bagamér;9
4287;Vámospércs;9
4288;Újléta;9
4300;Nyírbátor;16
4311;Nyírgyulaj;16
4320;Nagykálló;16
4324;Kállósemjén;16
4325;Kisléta;16
4326;Máriapócs;16
4327;Pócspetri;16
4331;Nyírcsászári;16
4332;Nyírderzs;16
4333;Nyírkáta;16
4334;Hodász;16
4335;Kántorjánosi;16
4336;Őr;1
4337;Jármi;16
4338;Papos;16
4341;Nyírvasvári;16
4342;Terem;16
4343;Bátorliget;16
4351;Vállaj;16
4352;Mérk;16
4353;Tiborszállás;16
4354;Fábiánháza;16
4355;Nagyecsed;16
4356;Nyírcsaholy;16
4361;Nyírbogát;16
4362;Nyírgelse;16
4363;Nyírmihálydi;16
4371;Nyírlugos;16
4372;Nyírbéltek;16
4373;Ömböly;15
4374;Encsencs;16
4375;Piricse;16
4376;Nyírpilis;16
4400;Nyíregyháza;16
4405;Nyíregyháza;16
4412;Nyíregyháza;16
4431;Nyíregyháza;16
4432;Nyíregyháza;16
4433;Nyíregyháza;16
4434;Kálmánháza;16
4440;Tiszavasvári;16
4445;Nagycserkesz;16
4446;Tiszaeszlár;16
4447;Tiszalök;16
4450;Tiszalök;16
4455;Tiszadada;16
4456;Tiszadob;16
4461;Nyírtelek;16
4463;Tiszanagyfalu;16
4464;Tiszaeszlár;16
4465;Rakamaz;16
4466;Timár;16
4467;Szabolcs;16
4468;Balsa;16
4471;Gávavencsellő;16
4472;Gávavencsellő;16
4474;Tiszabercel;16
4475;Paszab;16
4481;Nyíregyháza;16
4482;Kótaj;9
4483;Buj;16
4484;Ibrány;16
4485;Nagyhalász;16
4486;Tiszatelek;16
4487;Tiszatelek;16
4488;Beszterec;16
4491;Újdombrád;16
4492;Dombrád;13
4493;Tiszakanyár;16
4494;Kékcse;16
4495;Döge;17
4496;Szabolcsveresmart;16
4501;Kemecse;16
4502;Vasmegyer;16
4503;Tiszarád;16
4511;Nyírbogdány;16
4515;Kék;16
4516;Demecser;16
4517;Gégény;16
4521;Berkesz;16
4522;Nyírtass;16
4523;Pátroha;16
4524;Ajak;16
4525;Rétközberencs;16
4531;Nyírpazony;16
4532;Nyírtura;16
4533;Sényő;16
4534;Székely;16
4535;Nyíribrony;16
4536;Ramocsaháza;16
4537;Nyírkércs;16
4541;Nyírjákó;16
4542;Petneháza;16
4543;Laskod;16
4544;Nyírkarász;16
4545;Gyulaháza;17
4546;Anarcs;16
4547;Szabolcsbáka;16
4551;Nyíregyháza;16
4552;Napkor;16
4553;Apagy;16
4554;Nyírtét;16
4555;Levelek;16
4556;Magy;16
4557;Besenyőd;16
4558;Ófehértó;3
4561;Baktalórántháza;16
4562;Vaja;16
4563;Rohod;16
4564;Nyírmada;16
4565;Pusztadobos;15
4566;Ilk;16
4567;Gemzse;16
4600;Kisvárda;16
4611;Jéke;16
4621;Fényeslitke;16
4622;Komoró;4
4623;Tuzsér;19
4624;Tiszabezdéd;16
4625;Győröcske;16
4625;Záhony;16
4627;Zsurk;16
4628;Tiszaszentmárton;16
4631;Pap;16
4632;Nyírlövő;16
4633;Lövőpetri;16
4634;Aranyosapáti;16
4635;Újkenéz;16
4641;Mezőladány;16
4642;Tornyospálca;2
4643;Benk;16
4644;Mándok;16
4645;Tiszamogyorós;16
4646;Eperjeske;16
4700;Mátészalka;16
4721;Szamoskér;16
4722;Nyírmeggyes;16
4731;Tunyogmatolcs;16
4732;Cégénydányád;16
4733;Gyügye;3
4734;Szamosújlak;16
4735;Hermánszeg;16
4735;Szamossályi;16
4737;Darnó;16
4737;Kisnamény;16
4741;Jánkmajtis;16
4742;Csegöld;16
4743;Csengersima;16
4745;Szamosbecs;16
4746;Szamostatárfalva;16
4751;Kocsord;9
4752;Győrtelek;16
4754;Fülpösdaróc;1
4754;Géberjén;16
4755;Ököritófülpös;19
4756;Rápolt;16
4761;Porcsalma;18
4762;Tyukod;16
4763;Ura;7
4764;Csengerújfalu;16
4765;Csenger;16
4765;Komlódtótfalu;9
4766;Pátyod;16
4767;Szamosangyalos;16
4800;Vásárosnamény;16
4803;Vásárosnamény;16
4804;Vásárosnamény;16
4811;Kisvarsány;16
4812;Nagyvarsány;16
4813;Gyüre;16
4821;Ópályi;18
4822;Nyírparasznya;16
4823;Nagydobos;16
4824;Szamosszeg;16
4826;Olcsva;4
4831;Tiszaszalka;16
4832;Tiszavid;16
4833;Tiszaadony;16
4834;Tiszakerecseny;16
4835;Mátyus;16
4836;Lónya;14
4841;Jánd;16
4842;Gulács;16
4843;Hetefejércse;16
4844;Csaroda;16
4845;Tákos;16
4900;Fehérgyarmat;16
4911;Nábrád;16
4912;Kérsemjén;16
4913;Panyola;16
4914;Olcsvaapáti;4
4921;Kisar;16
4921;Tivadar;16
4922;Nagyar;16
4931;Tarpa;16
4932;Márokpapi;16
4933;Beregsurány;16
4934;Beregdaróc;16
4935;Gelénes;16
4936;Vámosatya;16
4937;Barabás;16
4941;Penyige;19
4942;Mánd;16
4942;Nemesborzova;18
4943;Kömörő;8
4944;Túristvándi;16
4945;Szatmárcseke;16
4946;Tiszakóród;16
4947;Tiszacsécse;16
4948;Milota;16
4951;Tiszabecs;16
4952;Uszka;6
4953;Magosliget;16
4954;Sonkád;7
4955;Botpalád;8
4956;Kispalád;16
4961;Zsarolyán;16
4962;Nagyszekeres;16
4963;Kisszekeres;16
4964;Fülesd;9
4965;Kölcse;12
4966;Vámosoroszi;16
4967;Csaholc;16
4968;Túrricse;16
4969;Tisztaberek;16
4971;Rozsály;18
4972;Gacsály;16
4973;Császló;16
4974;Zajta;16
4975;Méhtelek;16
4976;Garbolc;16
4977;Kishódos;16
4977;Nagyhódos;16
5000;Szolnok;19
5008;Szolnok;15
5051;Zagyvarékas;11
5052;Újszász;11
5053;Szászberek;11
5054;Jászalsószentgyörgy;11
5055;Jászladány;11
5061;Tiszasüly;11
5062;Kőtelek;18
5063;Hunyadfalva;11
5064;Csataszög;11
5065;Nagykörű;18
5071;Besenyszög;11
5081;Szajol;11
5082;Tiszatenyő;11
5083;Kengyel;11
5084;Rákócziújfalu;11
5085;Rákóczifalva;11
5091;Tószeg;18
5092;Tiszavárkony;11
5093;Vezseny;11
5094;Tiszajenő;11
5095;Tiszavárkony;11
5100;Jászberény;11
5111;Jászfelsőszentgyörgy;11
5121;Jászjákóhalma;11
5122;Jászdózsa;11
5123;Jászárokszállás;11
5124;Jászágó;11
5125;Pusztamonostor;20
5126;Jászfényszaru;11
5130;Jászapáti;11
5135;Jászivány;11
5136;Jászszentandrás;11
5137;Jászkisér;11
5141;Jásztelek;11
5142;Alattyán;11
5143;Jánoshida;11
5144;Jászboldogháza;11
5152;Jászberény;11
5200;Törökszentmiklós;19
5211;Tiszapüspöki;11
5212;Törökszentmiklós;15
5213;Fegyvernek;11
5222;Örményes;4
5231;Fegyvernek;11
5232;Tiszabő;11
5233;Tiszagyenda;11
5234;Tiszaroff;11
5235;Tiszabura;11
5241;Abádszalók;11
5243;Tiszaderzs;11
5244;Tiszafüred;11
5300;Karcag;11
5309;Berekfürdő;11
5310;Kisújszállás;11
5321;Kunmadaras;11
5322;Tiszaszentimre;11
5323;Tiszaszentimre;11
5324;Tomajmonostora;18
5331;Kenderes;11
5340;Kunhegyes;11
5349;Kenderes;11
5350;Tiszafüred;11
5358;Tiszafüred;11
5359;Tiszafüred;11
5361;Tiszaigar;11
5362;Tiszaörs;11
5363;Nagyiván;11
5400;Mezőtúr;11
5411;Kétpó;11
5412;Kuncsorba;11
5420;Túrkeve;2
5430;Tiszaföldvár;11
5435;Martfű;11
5440;Kunszentmárton;4
5449;Kunszentmárton;19
5451;Öcsöd;6
5452;Mesterszállás;11
5453;Mezőhék;11
5461;Tiszaföldvár;11
5462;Cibakháza;11
5463;Nagyrév;11
5464;Tiszainoka;11
5465;Cserkeszőlő;11
5471;Tiszakürt;11
5472;Tiszakürt;11
5474;Tiszasas;11
5475;Csépa;11
5476;Szelevény;11
5500;Gyomaendrőd;3
5502;Gyomaendrőd;3
5510;Dévaványa;3
5515;Ecsegfalva;3
5516;Körösladány;10
5520;Szeghalom;3
5525;Füzesgyarmat;3
5526;Kertészsziget;3
5527;Bucsa;3
5530;Vésztő;3
5534;Okány;2
5536;Körösújfalu;12
5537;Zsadány;3
5538;Biharugra;3
5539;Körösnagyharsány;12
5540;Szarvas;3
5551;Csabacsűd;3
5552;Kardos;3
5553;Kondoros;2
5555;Hunya;3
5556;Örménykút;15
5561;Békésszentandrás;3
5600;Békéscsaba;3
5609;Csabaszabadi;3
5621;Csárdaszállás;3
5622;Köröstarcsa;18
5623;Békéscsaba;3
5624;Doboz;20
5630;Békés;3
5641;Tarhos;3
5643;Bélmegyer;3
5650;Mezőberény;3
5661;Újkígyós;3
5662;Csanádapáca;3
5663;Medgyesbodzás;3
5664;Medgyesbodzás;3
5665;Pusztaottlaka;6
5666;Medgyesegyháza;3
5667;Magyarbánhegyes;3
5668;Nagybánhegyes;3
5671;Békéscsaba;3
5672;Murony;3
5673;Kamut;3
5674;Kétsoprony;3
5675;Telekgerendás;3
5700;Gyula;16
5703;Gyula;3
5711;Gyula;3
5712;Szabadkígyós;3
5720;Sarkad;3
5725;Kötegyán;7
5726;Méhkerék;3
5727;Újszalonta;3
5731;Sarkadkeresztúr;3
5732;Mezőgyán;3
5734;Geszt;3
5741;Kétegyháza;3
5742;Elek;3
5743;Lőkösháza;19
5744;Kevermes;3
5745;Dombiratos;10
5746;Kunágota;11
5747;Almáskamarás;3
5751;Nagykamarás;3
5752;Medgyesegyháza;3
5800;Mezőkovácsháza;3
5811;Végegyháza;3
5820;Mezőhegyes;3
5830;Battonya;3
5836;Dombegyház;10
5837;Kisdombegyház;3
5838;Magyardombegyház;3
5900;Orosháza;4
5903;Orosháza;4
5904;Orosháza;4
5905;Orosháza;4
5919;Pusztaföldvár;19
5920;Csorvás;20
5925;Gerendás;3
5931;Nagyszénás;3
5932;Gádoros;3
5940;Tótkomlós;6
5945;Kardoskút;3
5946;Békéssámson;3
5948;Kaszaper;3
6000;Kecskemét;1
6008;Kecskemét;1
6031;Szentkirály;1
6032;Nyárlőrinc;1
6033;Városföld;1
6034;Helvécia;1
6035;Ballószög;1
6041;Kerekegyháza;1
6042;Fülöpháza;9
6043;Kunbaracs;11
6044;Kecskemét;1
6045;Ladánybene;1
6050;Lajosmizse;1
6055;Felsőlajos;1
6060;Tiszakécske;1
6062;Tiszakécske;1
6064;Tiszaug;1
6065;Lakitelek;1
6066;Tiszaalpár;1
6067;Tiszaalpár;1
6070;Izsák;1
6075;Páhi;1
6076;Ágasegyháza;1
6077;Orgovány;20
6078;Jakabszállás;1
6080;Szabadszállás;1
6085;Fülöpszállás;1
6086;Szalkszentmárton;1
6087;Dunavecse;1
6088;Apostag;1
6090;Kunszentmiklós;17
6096;Kunpeszér;1
6097;Kunadacs;1
6098;Tass;1
6100;Kiskunfélegyháza;1
6111;Gátér;1
6112;Pálmonostora;1
6113;Petőfiszállás;1
6114;Bugac;1
6114;Bugacpusztaháza;1
6115;Kunszállás;8
6116;Fülöpjakab;1
6120;Kiskunmajsa;1
6131;Szank;1
6132;Móricgát;8
6133;Jászszentlászló;1
6134;Kömpöc;2
6135;Csólyospálos;6
6136;Harkakötöny;1
6200;Kiskőrös;10
6211;Kaskantyú;1
6221;Akasztó;1
6222;Csengőd;1
6223;Soltszentimre;1
6224;Tabdi;1
6230;Soltvadkert;19
6235;Bócsa;9
6236;Tázlár;1
6237;Kecel;1
6238;Imrehegy;1
6239;Császártöltés;1
6300;Kalocsa;1
6311;Öregcsertő;3
6320;Solt;1
6320;Újsolt;1
6323;Dunaegyháza;1
6325;Dunatetétlen;1
6326;Harta;1
6327;Harta;1
6328;Dunapataj;1
6331;Foktő;1
6332;Uszód;14
6333;Dunaszentbenedek;1
6334;Géderlak;1
6335;Ordas;3
6336;Szakmár;1
6337;Újtelek;1
6341;Homokmégy;15
6342;Drágszél;1
6343;Miske;1
6344;Hajós;1
6345;Nemesnádudvar;1
6346;Sükösd;2
6347;Érsekcsanád;1
6348;Érsekhalma;1
6351;Bátya;1
6352;Fajsz;1
6353;Dusnok;1
6400;Kiskunhalas;1
6411;Zsana;1
6412;Balotaszállás;1
6413;Kunfehértó;1
6414;Pirtó;1
6421;Kisszállás;1
6422;Tompa;18
6423;Kelebia;1
6424;Csikéria;1
6425;Bácsszőlős;1
6430;Bácsalmás;1
6435;Kunbaja;1
6440;Jánoshalma;1
6444;Kéleshalom;1
6445;Borota;19
6446;Rém;1
6447;Felsőszentiván;1
6448;Csávoly;1
6449;Mélykút;1
6451;Tataháza;1
6452;Mátételke;1
6453;Bácsbokod;1
6454;Bácsborsód;1
6455;Katymár;1
6456;Madaras;1
6500;Baja;1
6503;Baja;1
6511;Bácsszentgyörgy;1
6512;Szeremle;1
6513;Dunafalva;1
6521;Vaskút;1
6522;Gara;1
6523;Csátalja;1
6524;Dávod;1
6525;Hercegszántó;1
6527;Nagybaracska;1
6528;Bátmonostor;1
6600;Szentes;6
6612;Nagytőke;2
6621;Derekegyház;6
6622;Nagymágocs;6
6623;Árpádhalom;6
6624;Eperjes;6
6625;Fábiánsebestyén;6
6630;Mindszent;6
6635;Szegvár;6
6636;Mártély;6
6640;Csongrád;20
6645;Felgyő;6
6646;Tömörkény;2
6647;Csanytelek;6
6648;Csongrád;19
6700;Szeged;6
6710;Szeged;6
6720;Szeged;6
6721;Szeged;6
6722;Szeged;6
6723;Szeged;6
6724;Szeged;6
6725;Szeged;6
6726;Szeged;6
6727;Szeged;6
6728;Szeged;6
6729;Szeged;6
6750;Algyő;6
6753;Szeged;6
6754;Újszentiván;6
6755;Kübekháza;7
6756;Tiszasziget;6
6757;Szeged;6
6758;Röszke;10
6760;Kistelek;6
6762;Sándorfalva;6
6763;Szatymaz;6
6764;Balástya;6
6765;Csengele;6
6766;Dóc;3
6767;Ópusztaszer;2
6768;Baks;6
6769;Pusztaszer;8
6771;Szeged;6
6772;Deszk;6
6773;Klárafalva;6
6774;Ferencszállás;6
6775;Kiszombor;6
6781;Domaszék;14
6782;Mórahalom;1
6783;Ásotthalom;6
6784;Öttömös;18
6785;Pusztamérges;7
6786;Ruzsa;6
6787;Zákányszék;6
6791;Szeged;6
6792;Zsombó;6
6793;Forráskút;6
6794;Üllés;8
6795;Bordány;4
6800;Hódmezővásárhely;6
6806;Hódmezővásárhely;6
6821;Székkutas;6
6900;Makó;6
6903;Makó;6
6911;Királyhegyes;6
6912;Kövegy;19
6913;Csanádpalota;6
6914;Pitvaros;6
6915;Csanádalberti;6
6916;Ambrózfalva;6
6917;Nagyér;6
6921;Maroslele;6
6922;Földeák;9
6923;Óföldeák;2
6931;Apátfalva;6
6932;Magyarcsanád;6
6933;Nagylak;6
7000;Sárbogárd;7
7003;Sárbogárd;7
7011;Alap;7
7012;Alsószentiván;7
7013;Cece;7
7014;Sáregres;7
7015;Igar;7
7016;Igar;7
7017;Mezőszilas;7
7018;Sárbogárd;7
7019;Sárbogárd;7
7020;Dunaföldvár;17
7025;Bölcske;20
7026;Madocsa;17
7027;Paks;17
7030;Paks;17
7038;Pusztahencse;11
7039;Németkér;17
7041;Vajta;7
7042;Pálfa;17
7043;Bikács;17
7044;Nagydorog;17
7045;Györköny;4
7047;Sárszentlőrinc;17
7051;Kajdacs;17
7052;Kölesd;4
7054;Tengelic;17
7056;Szedres;17
7057;Medina;17
7061;Belecska;17
7062;Keszőhidegkút;17
7063;Szárazd;17
7064;Gyönk;10
7065;Miszla;17
7066;Udvari;17
7067;Varsád;17
7068;Kistormás;17
7071;Szakadát;17
7072;Diósberény;17
7081;Simontornya;17
7082;Kisszékely;17
7083;Tolnanémedi;4
7084;Pincehely;17
7085;Nagyszékely;17
7086;Ozora;15
7087;Fürged;16
7090;Tamási;17
7091;Tamási;17
7092;Nagykónyi;14
7093;Értény;17
7094;Koppányszántó;2
7095;Iregszemcse;17
7095;Újireg;17
7097;Nagyszokoly;17
7098;Magyarkeszi;17
7099;Felsőnyék;17
7100;Szekszárd;17
7121;Szálka;17
7122;Kakasd;17
7130;Tolna;11
7131;Tolna;17
7132;Bogyiszló;10
7133;Fadd;17
7134;Gerjen;17
7135;Dunaszentgyörgy;17
7136;Fácánkert;17
7139;Fadd;17
7140;Bátaszék;17
7142;Pörböly;10
7143;Őcsény;16
7144;Decs;17
7145;Sárpilis;17
7146;Várdomb;17
7147;Alsónána;17
7148;Alsónyék;17
7149;Báta;17
7150;Bonyhád;4
7158;Bonyhádvarasd;4
7159;Kisdorog;17
7161;Cikó;17
7162;Grábóc;17
7163;Mőcsény;14
7164;Bátaapáti;17
7165;Mórágy;6
7171;Sióagárd;17
7172;Harc;17
7173;Zomba;17
7174;Kéty;17
7175;Felsőnána;17
7176;Murga;17
7181;Tevel;17
7182;Závod;17
7183;Kisvejke;17
7184;Lengyel;17
7184;Szárász;2
7185;Mucsfa;17
7186;Aparhant;17
7186;Nagyvejke;17
7187;Bonyhád;4
7191;Hőgyész;15
7192;Szakály;17
7193;Regöly;17
7194;Kalaznó;17
7195;Mucsi;17
7200;Dombóvár;12
7211;Dalmand;17
7212;Kocsola;14
7213;Szakcs;17
7214;Lápafő;17
7214;Várong;17
7215;Nak;17
7224;Dúzs;17
7225;Csibrák;17
7226;Kurd;13
7227;Gyulaj;19
7228;Döbrököz;4
7251;Kapospula;17
7252;Attala;17
7253;Csoma;6
7253;Szabadi;15
7255;Nagyberki;15
7256;Kercseliget;15
7257;Mosdós;8
7258;Baté;15
7258;Kaposkeresztúr;15
7261;Kaposhomok;15
7261;Taszár;15
7271;Fonó;15
7272;Gölle;20
7273;Büssü;2
7274;Kazsok;15
7275;Igal;15
7276;Gadács;15
7276;Somogyszil;15
7279;Kisgyalán;15
7281;Bonnya;4
7282;Fiad;15
7282;Kisbárapáti;15
7283;Somogyacsa;2
7284;Somogydöröcske;15
7285;Kára;15
7285;Szorosad;2
7285;Törökkoppány;20
7286;Miklósi;15
7300;Komló;18
7300;Mecsekpölöske;2
7304;Mánfa;2
7305;Komló;4
7331;Liget;2
7332;Magyaregregy;2
7333;Kárász;2
7333;Vékény;2
7334;Köblény;12
7334;Szalatnak;2
7341;Csikóstőttős;17
7342;Mágocs;2
7343;Nagyhajmás;2
7344;Mekényes;2
7345;Alsómocsolád;2
7346;Bikal;2
7347;Egyházaskozár;2
7348;Hegyhátmaróc;2
7348;Tófű;2
7349;Szászvár;2
7351;Máza;2
7352;Györe;8
7353;Izmény;17
7354;Váralja;17
7355;Nagymányok;17
7356;Kismányok;17
7361;Kaposszekcső;17
7362;Gerényes;2
7362;Jágónak;17
7362;Tarrós;2
7362;Vásárosdombó;2
7370;Felsőegerszeg;2
7370;Meződ;2
7370;Oroszló;4
7370;Palé;2
7370;Sásd;2
7370;Varga;2
7370;Vázsnok;2
7381;Ág;2
7381;Kisvaszar;2
7381;Tékes;2
7383;Baranyaszentgyörgy;2
7383;Szágy;2
7383;Tormás;4
7384;Baranyajenő;2
7385;Gödre;18
7386;Gödre;20
7391;Kisbeszterce;2
7391;Kishajmás;2
7391;Mindszentgodisa;2
7393;Bakóca;2
7394;Bodolyabér;15
7394;Magyarhertelend;2
7396;Magyarszék;2
7400;Kaposvár;15
7400;Orci;3
7400;Zselickislak;15
7431;Juta;15
7432;Csombárd;2
7432;Hetes;15
7434;Mezőcsokonya;15
7435;Somogysárd;15
7436;Újvárfalva;15
7439;Bodrog;4
7441;Magyaregres;15
7442;Várda;15
7443;Alsóbogát;15
7443;Edde;15
7443;Somogyjád;15
7444;Osztopán;15
7452;Somogyaszaló;15
7453;Mernye;15
7454;Somodor;15
7455;Somogygeszti;2
7456;Felsőmocsolád;15
7457;Ecseny;15
7458;Polány;15
7463;Magyaratád;15
7463;Patalom;15
7464;Ráksi;15
7465;Szentgáloskér;15
7471;Zimány;15
7472;Cserénfa;15
7472;Szentbalázs;15
7473;Gálosfa;15
7473;Hajmás;15
7473;Kaposgyarmat;15
7474;Simonfa;15
7474;Zselicszentpál;15
7475;Bőszénfa;17
7476;Kaposszerdahely;15
7477;Patca;15
7477;Szenna;15
7477;Szilvásszentmárton;10
7477;Zselickisfalud;15
7478;Bárdudvarnok;15
7479;Sántos;15
7500;Nagyatád;15
7511;Ötvöskónyi;18
7512;Mike;15
7513;Rinyaszentkirály;15
7514;Tarany;15
7515;Somogyudvarhely;15
7516;Berzence;15
7517;Bolhás;18
7521;Kaposmérő;15
7522;Kaposújlak;15
7523;Kaposfő;15
7523;Kisasszond;15
7524;Kiskorpád;1
7525;Jákó;15
7526;Csököly;1
7527;Gige;15
7527;Rinyakovácsi;15
7530;Kadarkút;15
7530;Kőkút;12
7532;Hencse;15
7533;Hedrehely;15
7533;Visnye;15
7535;Lad;15
7536;Patosfa;15
7537;Homokszentgyörgy;2
7538;Kálmáncsa;15
7539;Szulok;10
7541;Kutas;19
7542;Kisbajom;15
7543;Beleg;15
7544;Szabás;15
7545;Nagykorpád;10
7551;Lábod;15
7552;Rinyabesenyő;15
7553;Görgeteg;2
7555;Csokonyavisonta;15
7556;Rinyaújlak;15
7557;Barcs;15
7561;Nagybajom;15
7561;Pálmajor;15
7562;Segesd;15
7563;Somogyszob;15
7564;Kaszó;15
7570;Barcs;15
7582;Komlósd;8
7582;Péterhida;15
7584;Babócsa;15
7584;Rinyaújnép;15
7584;Somogyaracs;15
7585;Bakháza;15
7585;Háromfa;15
7586;Bolhó;2
7587;Heresznye;15
7588;Vízvár;15
7589;Bélavár;15
7600;Pécs;2
7621;Pécs;2
7622;Pécs;2
7623;Pécs;2
7624;Pécs;2
7625;Pécs;2
7626;Pécs;2
7627;Pécs;2
7628;Pécs;2
7629;Pécs;2
7630;Pécs;2
7631;Pécs;2
7632;Pécs;2
7633;Pécs;2
7634;Pécs;2
7635;Pécs;2
7636;Pécs;2
7661;Erzsébet;2
7661;Kátoly;2
7661;Kékesd;2
7661;Szellő;2
7663;Máriakéménd;2
7664;Berkesd;2
7664;Pereked;2
7664;Szilágy;2
7666;Pogány;2
7668;Gyód;2
7668;Keszü;2
7668;Kökény;12
7671;Aranyosgadány;2
7671;Bicsérd;2
7671;Zók;2
7672;Boda;7
7673;Cserkút;2
7673;Kővágószőlős;3
7675;Bakonya;2
7675;Kővágótőttős;11
7677;Orfű;2
7678;Abaliget;2
7678;Husztót;2
7678;Kovácsszénája;18
7681;Hetvehely;2
7681;Okorvölgy;4
7681;Szentkatalin;2
7682;Bükkösd;4
7683;Cserdi;2
7683;Dinnyeberki;2
7683;Helesfa;2
7691;Pécs;2
7693;Pécs;2
7694;Hosszúhetény;9
7695;Mecseknádasd;2
7695;Óbánya;2
7695;Ófalu;20
7696;Hidas;2
7700;Mohács;13
7711;Bár;2
7712;Dunaszekcső;2
7714;Mohács;2
7715;Mohács;2
7716;Homorúd;4
7717;Kölked;2
7718;Udvar;2
7720;Apátvarasd;2
7720;Lovászhetény;10
7720;Martonfa;2
7720;Pécsvárad;2
7720;Zengővárkony;2
7723;Erdősmecske;2
7724;Feked;2
7725;Szebény;2
7726;Véménd;2
7727;Palotabozsok;2
7728;Görcsönydoboka;9
7728;Somberek;19
7731;Nagypall;2
7732;Fazekasboda;2
7733;Geresdlak;2
7733;Maráza;2
7735;Erdősmárok;2
7735;Himesháza;2
7735;Szűr;13
7737;Székelyszabar;2
7741;Nagykozár;11
7742;Bogád;8
7743;Romonya;2
7744;Ellend;2
7745;Hásságy;2
7745;Olasz;16
7747;Belvárdgyula;2
7747;Birján;2
7751;Monyoród;7
7751;Szederkény;2
7752;Versend;2
7753;Szajk;2
7754;Bóly;1
7755;Töttös;11
7756;Borjád;19
7756;Kisbudmér;2
7756;Nagybudmér;2
7756;Pócsa;2
7757;Babarc;2
7757;Liptód;2
7759;Kisnyárád;2
7759;Lánycsók;2
7761;Kozármisleny;6
7761;Lothárd;20
7761;Magyarsarlós;2
7762;Pécsudvard;2
7763;Áta;2
7763;Egerág;2
7763;Kisherend;2
7763;Szemely;2
7763;Szőkéd;18
7766;Kiskassa;2
7766;Pécsdevecser;2
7766;Peterd;2
7766;Újpetre;2
7768;Kistótfalu;2
7768;Vokány;2
7771;Palkonya;2
7772;Ivánbattyán;2
7772;Villánykövesd;2
7773;Kisjakabfalva;2
7773;Villány;2
7774;Márok;2
7775;Illocska;2
7775;Kislippó;2
7775;Lapáncsa;2
7775;Magyarbóly;2
7781;Ivándárda;2
7781;Lippó;2
7781;Sárok;2
7782;Bezedek;2
7783;Majs;2
7784;Nagynyárád;2
7785;Sátorhely;2
7800;Kisharsány;2
7800;Nagytótfalu;6
7800;Siklós;2
7811;Bisse;2
7811;Bosta;16
7811;Csarnóta;2
7811;Szalánta;2
7811;Szilvás;2
7811;Túrony;16
7812;Garé;2
7813;Szava;2
7814;Babarcszőlős;2
7814;Kisdér;2
7814;Ócsárd;2
7814;Siklósbodony;2
7815;Harkány;2
7817;Diósviszló;2
7817;Márfa;2
7817;Rádfalva;2
7818;Siklós;2
7822;Nagyharsány;2
7823;Kistapolca;2
7823;Siklósnagyfalu;2
7824;Egyházasharaszti;2
7824;Old;16
7826;Alsószentmárton;2
7827;Beremend;2
7827;Kásád;2
7831;Pellérd;2
7833;Görcsöny;8
7833;Regenye;2
7833;Szőke;18
7834;Baksa;2
7834;Tengeri;2
7834;Téseny;2
7836;Bogádmindszent;9
7836;Ózdfalu;8
7837;Hegyszentmárton;2
7838;Besence;2
7838;Hirics;2
7838;Lúzsok;2
7838;Nagycsány;2
7838;Páprád;2
7838;Piskó;2
7838;Vajszló;2
7838;Vejti;2
7839;Kemse;2
7839;Zaláta;2
7841;Adorjás;2
7841;Baranyahidvég;2
7841;Kisszentmárton;2
7841;Kórós;17
7841;Sámod;2
7843;Cún;2
7843;Drávapiski;2
7843;Kémes;2
7843;Szaporca;2
7843;Tésenfa;2
7846;Drávacsepely;2
7847;Drávaszerdahely;2
7847;Ipacsfa;2
7847;Kovácshida;18
7849;Drávacsehi;2
7850;Drávapalkonya;2
7851;Drávaszabolcs;2
7853;Gordisa;2
7854;Matty;7
7900;Botykapeterd;8
7900;Csertő;2
7900;Szigetvár;2
7912;Nagypeterd;2
7912;Nagyváty;2
7912;Nyugotszenterzsébet;2
7913;Szentdénes;2
7914;Bánfa;2
7914;Katádfa;2
7914;Rózsafa;8
7915;Dencsháza;2
7915;Szentegát;2
7918;Lakócsa;15
7918;Szentborbás;15
7918;Tótújfalu;14
7921;Somogyhatvan;15
7922;Somogyapáti;15
7923;Basal;2
7923;Patapoklosi;2
7924;Somogyviszló;15
7925;Magyarlukafa;2
7925;Somogyhárságy;2
7926;Vásárosbéc;2
7932;Almáskeresztúr;2
7932;Mozsgó;17
7932;Szulimán;13
7934;Almamellék;2
7935;Csebény;2
7935;Horváthertelend;18
7935;Ibafa;2
7936;Szentlászló;2
7937;Boldogasszonyfa;17
7940;Csonkamindszent;9
7940;Kacsóta;2
7940;Szentlőrinc;2
7951;Gerde;2
7951;Pécsbagota;2
7951;Szabadszentkirály;2
7951;Velény;2
7953;Királyegyháza;2
7954;Gilvánfa;2
7954;Gyöngyfa;14
7954;Kisasszonyfa;2
7954;Magyarmecske;2
7954;Magyartelek;2
7957;Okorág;18
7958;Kákics;2
7960;Drávaiványi;2
7960;Drávasztára;2
7960;Marócsa;2
7960;Sellye;2
7960;Sósvertike;18
7960;Sumony;19
7964;Csányoszró;2
7966;Bogdása;20
7967;Drávafok;2
7967;Drávakeresztúr;2
7967;Markóc;2
7968;Felsőszentmárton;2
7971;Hobol;2
7972;Gyöngyösmellék;10
7973;Bürüs;4
7973;Endrőc;2
7973;Teklafalu;2
7973;Várad;2
7975;Kétújfalu;2
7976;Szörény;15
7976;Zádor;2
7977;Drávagárdony;15
7977;Kastélyosdombó;15
7977;Potony;17
7979;Drávatamási;15
7980;Pettend;2
7981;Kistamási;2
7981;Merenye;2
7981;Molvány;4
7981;Nemeske;2
7981;Tótszentgyörgy;14
7985;Kisdobsza;2
7985;Nagydobsza;2
7987;Istvándi;15
7988;Darány;15
8000;Székesfehérvár;7
8019;Székesfehérvár;7
8041;Csór;15
8042;Moha;2
8043;Iszkaszentgyörgy;7
8044;Kincsesbánya;7
8045;Bakonykúti;7
8045;Isztimér;7
8051;Sárkeresztes;7
8052;Fehérvárcsurgó;7
8053;Bodajk;2
8054;Balinka;7
8055;Balinka;7
8056;Bakonycsernye;7
8060;Mór;17
8065;Nagyveleg;7
8066;Pusztavám;9
8071;Magyaralmás;7
8072;Söréd;20
8073;Csákberény;7
8074;Csókakő;4
8081;Zámoly;7
8082;Gánt;7
8083;Csákvár;7
8085;Bodmér;19
8085;Vértesboglár;7
8086;Felcsút;7
8087;Alcsútdoboz;7
8088;Tabajd;7
8089;Vértesacsa;7
8092;Pátka;7
8093;Lovasberény;3
8095;Pákozd;7
8096;Sukoró;7
8097;Nadap;7
8100;Várpalota;19
8103;Várpalota;19
8104;Várpalota;19
8105;Pétfürdő;19
8109;Tés;19
8111;Seregélyes;7
8112;Zichyújfalu;7
8121;Tác;7
8122;Csősz;18
8123;Soponya;8
8124;Káloz;7
8125;Sárkeresztúr;7
8126;Sárszentágota;7
8127;Aba;7
8128;Aba;7
8130;Enying;7
8131;Enying;7
8132;Lepsény;7
8133;Mezőszentgyörgy;7
8134;Mátyásdomb;2
8135;Dég;7
8136;Lajoskomárom;7
8137;Mezőkomárom;7
8138;Szabadhidvég;7
8139;Szabadhidvég;7
8141;Sárszentmihály;7
8142;Úrhida;19
8143;Sárszentmihály;7
8144;Sárkeszi;7
8145;Nádasdladány;7
8146;Jenő;7
8151;Szabadbattyán;7
8152;Kőszárhegy;3
8153;Polgárdi;7
8154;Polgárdi;7
8155;Polgárdi;7
8156;Kisláng;7
8157;Füle;4
8161;Ősi;11
8162;Küngös;1
8163;Csajág;19
8164;Balatonfőkajár;19
8171;Balatonvilágos;19
8172;Balatonkenese;19
8174;Balatonkenese;19
8175;Balatonfűzfő;19
8181;Berhida;19
8182;Berhida;19
8183;Papkeszi;19
8184;Balatonfűzfő;19
8191;Öskü;16
8192;Hajmáskér;19
8193;Sóly;14
8194;Vilonya;19
8195;Királyszentistván;19
8196;Litér;19
8200;Veszprém;19
8220;Balatonalmádi;19
8225;Szentkirályszabadja;19
8226;Alsóörs;19
8227;Felsőörs;19
8228;Lovas;19
8229;Csopak;15
8229;Paloznak;19
8230;Balatonfüred;19
8233;Balatonszőlős;19
8236;Balatonfüred;19
8237;Tihany;19
8241;Aszófő;19
8242;Balatonudvari;19
8242;Örvényes;19
8243;Balatonakali;19
8244;Dörgicse;16
8245;Pécsely;19
8245;Vászoly;19
8246;Tótvázsony;2
8247;Hidegkút;19
8248;Nemesvámos;19
8248;Veszprémfajsz;19
8251;Zánka;19
8252;Balatonszepezd;19
8253;Révfülöp;19
8254;Kékkút;19
8254;Kővágóörs;15
8255;Balatonrendes;19
8256;Ábrahámhegy;19
8256;Salföld;19
8257;Badacsonytomaj;19
8258;Badacsonytomaj;19
8261;Badacsonytomaj;19
8262;Badacsonytördemic;19
8263;Badacsonytördemic;19
8264;Szigliget;19
8265;Hegymagas;19
8271;Mencshely;19
8272;Balatoncsicsó;19
8272;Óbudavár;19
8272;Szentantalfa;19
8272;Szentjakabfa;19
8272;Tagyon;19
8273;Monoszló;2
8274;Köveskál;2
8275;Balatonhenye;19
8281;Szentbékkálla;19
8282;Mindszentkálla;19
8283;Káptalantóti;19
8284;Kisapáti;19
8284;Nemesgulács;19
8286;Gyulakeszi;7
8291;Barnag;19
8291;Nagyvázsony;19
8291;Pula;19
8291;Vöröstó;19
8292;Öcs;14
8294;Kapolcs;19
8294;Vigántpetend;19
8295;Taliándörögd;19
8296;Hegyesd;19
8296;Monostorapáti;9
8297;Tapolca;19
8300;Raposka;19
8300;Tapolca;19
8308;Sáska;19
8308;Zalahaláp;19
8311;Nemesvita;19
8312;Balatonederics;19
8313;Balatongyörök;20
8314;Vonyarcvashegy;20
8315;Gyenesdiás;20
8316;Vállus;20
8316;Várvölgy;20
8318;Lesencefalu;19
8318;Lesencetomaj;19
8319;Lesenceistvánd;19
8321;Uzsa;14
8330;Sümeg;1
8341;Kisvásárhely;20
8341;Mihályfa;20
8341;Szalapa;20
8342;Óhid;2
8344;Hetyefő;19
8344;Zalaerdőd;19
8345;Dabronc;19
8346;Gógánfa;2
8347;Ukk;19
8348;Megyer;19
8348;Rigács;19
8348;Zalameggyes;19
8349;Zalagyömörő;19
8351;Sümegprága;14
8352;Bazsi;19
8353;Vindornyalak;20
8353;Zalaszántó;20
8354;Karmacs;20
8354;Vindornyafok;20
8354;Zalaköveskút;20
8355;Vindornyaszőlős;20
8356;Kisgörbő;20
8356;Nagygörbő;20
8357;Döbröce;6
8357;Sümegcsehi;14
8360;Keszthely;20
8371;Nemesbük;20
8372;Cserszegtomaj;20
8373;Rezi;20
8380;Felsőpáhok;20
8380;Hévíz;20
8391;Sármellék;20
8392;Zalavár;20
8393;Szentgyörgyvár;20
8394;Alsópáhok;20
8400;Ajka;19
8409;Úrkút;1
8411;Veszprém;19
8412;Veszprém;19
8413;Eplény;19
8414;Olaszfalu;2
8415;Nagyesztergár;19
8416;Dudar;19
8417;Csetény;19
8418;Bakonyoszlop;19
8419;Csesznek;19
8420;Zirc;19
8422;Bakonynána;19
8423;Szápár;19
8424;Jásd;19
8425;Lókút;16
8426;Pénzesgyőr;16
8427;Bakonybél;19
8428;Borzavár;18
8429;Porva;20
8430;Bakonyszentkirály;19
8431;Bakonyszentlászló;19
8432;Fenyőfő;19
8433;Bakonygyirót;19
8434;Románd;13
8435;Gic;19
8438;Veszprémvarsány;19
8439;Sikátor;19
8440;Herend;19
8441;Márkó;19
8442;Hárskút;19
8443;Bánd;19
8444;Szentgál;19
8445;Csehbánya;19
8445;Városlőd;19
8446;Kislőd;19
8447;Ajka;19
8448;Ajka;19
8449;Magyarpolány;19
8451;Ajka;19
8452;Halimba;19
8452;Szőc;14
8454;Nyirád;19
8455;Pusztamiske;15
8456;Noszlop;19
8457;Bakonypölöske;19
8458;Oroszi;4
8460;Devecser;19
8468;Kolontár;2
8469;Kamond;19
8471;Bodorfa;4
8471;Káptalanfa;19
8471;Nemeshany;19
8473;Gyepükaján;19
8474;Csabrendek;19
8475;Hosztót;20
8475;Szentimrefalva;19
8475;Veszprémgalsa;19
8476;Zalaszegvár;19
8477;Apácatorna;19
8477;Kisberzseny;19
8477;Tüskevár;20
8478;Somlójenő;19
8479;Borszörcsök;20
8481;Somlóvásárhely;19
8482;Doba;19
8483;Kisszőlős;19
8483;Somlószőlős;19
8484;Nagyalásony;19
8484;Somlóvecse;15
8484;Vid;19
8485;Dabrony;19
8491;Karakószörcsök;19
8492;Kerta;19
8493;Iszkáz;19
8494;Kiscsősz;19
8495;Csögle;15
8496;Kispirit;19
8496;Nagypirit;19
8497;Adorjánháza;19
8497;Egeralja;19
8500;Pápa;19
8511;Pápa;19
8512;Nyárád;19
8513;Mihályháza;19
8514;Mezőlak;19
8515;Békás;19
8516;Kemeneshőgyész;19
8517;Magyargencs;19
8518;Kemenesszentpéter;19
8521;Nagyacsád;19
8522;Nemesgörzsöny;19
8523;Egyházaskesző;19
8523;Várkesző;19
8531;Marcaltő;19
8532;Marcaltő;19
8533;Malomsok;19
8541;Takácsi;19
8542;Vaszar;19
8543;Gecse;19
8551;Nagygyimót;19
8552;Vanyola;19
8553;Lovászpatona;10
8554;Nagydém;19
8555;Bakonytamási;19
8556;Pápateszér;19
8557;Bakonyság;19
8557;Bakonyszentiván;19
8558;Csót;7
8561;Adásztevel;19
8562;Nagytevel;19
8563;Homokbödöge;20
8564;Ugod;19
8565;Béb;19
8571;Bakonykoppány;19
8572;Bakonyszücs;19
8581;Bakonyjákó;19
8581;Németbánya;19
8582;Farkasgyepű;19
8591;Nóráp;19
8591;Pápa;19
8592;Dáka;19
8593;Pápadereske;19
8594;Pápasalamon;19
8595;Kup;20
8596;Pápakovácsi;19
8597;Döbrönte;3
8597;Ganna;19
8598;Pápa;19
8600;Siófok;15
8609;Siófok;15
8611;Siófok;15
8612;Nyim;15
8613;Balatonendréd;15
8614;Bálványos;15
8617;Kőröshegy;2
8618;Kereki;15
8619;Pusztaszemes;14
8621;Zamárdi;15
8622;Szántód;15
8623;Balatonföldvár;15
8624;Balatonszárszó;15
8625;Szólád;12
8626;Teleki;15
8627;Kötcse;9
8628;Nagycsepely;15
8630;Balatonboglár;15
8635;Ordacsehi;3
8636;Balatonszemes;15
8637;Balatonőszöd;15
8638;Balatonlelle;15
8640;Fonyód;14
8644;Fonyód;4
8646;Balatonfenyves;15
8647;Balatonmáriafürdő;15
8648;Balatonkeresztúr;15
8649;Balatonberény;15
8651;Balatonszabadi;15
8652;Siójut;15
8653;Ádánd;15
8654;Ságvár;15
8655;Som;2
8656;Nagyberény;15
8658;Bábonymegyer;15
8660;Lulla;15
8660;Sérsekszőlős;15
8660;Tab;15
8660;Torvaj;8
8660;Zala;15
8666;Bedegkér;15
8666;Somogyegres;15
8667;Kánya;15
8668;Tengőd;15
8671;Kapoly;15
8672;Zics;15
8673;Somogymeggyes;15
8674;Nágocs;15
8675;Andocs;15
8676;Karád;15
8681;Látrány;15
8681;Visz;15
8683;Somogytúr;15
8684;Somogybabod;15
8685;Gamás;15
8691;Balatonboglár;15
8692;Gyugy;15
8692;Szőlősgyörök;14
8693;Kisberény;15
8693;Lengyeltóti;15
8694;Hács;15
8695;Buzsák;4
8696;Táska;15
8697;Öreglak;19
8698;Pamuk;15
8698;Somogyvár;2
8699;Somogyvámos;15
8700;Csömend;19
8700;Marcali;15
8705;Somogyszentpál;15
8706;Nikla;15
8707;Libickozma;15
8707;Pusztakovácsi;3
8708;Somogyfajsz;15
8709;Marcali;15
8710;Balatonszentgyörgy;15
8711;Vörs;15
8712;Balatonújlak;15
8713;Kéthely;15
8714;Kelevíz;15
8714;Marcali;15
8716;Gadány;15
8716;Hosszúvíz;20
8716;Mesztegnyő;15
8717;Nemeskisfalud;15
8717;Szenyér;15
8718;Tapsony;15
8719;Böhönye;4
8721;Vése;15
8722;Nemesdéd;15
8723;Varászló;15
8724;Inke;15
8725;Iharosberény;15
8726;Iharos;15
8726;Somogycsicsó;15
8728;Pogányszentpéter;15
8731;Hollád;4
8731;Tikos;15
8732;Főnyed;6
8732;Sávoly;15
8732;Szegerdő;15
8733;Somogysámson;15
8734;Somogyzsitfa;16
8735;Csákány;15
8736;Szőkedencs;12
8737;Somogysimonyi;15
8738;Nemesvid;15
8739;Nagyszakácsi;15
8741;Bókaháza;4
8741;Zalaapáti;20
8742;Esztergályhorváti;20
8743;Zalaszabar;20
8744;Orosztony;2
8745;Kerecseny;20
8746;Nagyrada;20
8747;Garabonc;20
8747;Zalamerenye;20
8749;Zalakaros;20
8751;Zalakomár;20
8752;Zalakomár;20
8753;Balatonmagyaród;20
8754;Galambok;20
8756;Csapi;20
8756;Kisrécse;20
8756;Nagyrécse;20
8756;Zalasárszeg;20
8761;Pacsa;20
8761;Zalaigrice;20
8762;Gétye;20
8762;Szentpéterúr;20
8764;Dióskál;20
8764;Zalaszentmárton;20
8765;Egeraracsa;20
8767;Alsórajk;20
8767;Felsőrajk;20
8767;Pötréte;20
8771;Hahót;20
8772;Börzönce;18
8772;Zalaszentbalázs;20
8773;Kacorlak;20
8773;Pölöskefő;16
8774;Gelse;20
8774;Gelsesziget;20
8774;Kilimán;20
8776;Bocska;2
8776;Magyarszentmiklós;20
8776;Magyarszerdahely;20
8777;Füzvölgy;20
8777;Homokkomárom;1
8777;Hosszúvölgy;19
8778;Újudvar;20
8782;Ligetfalva;20
8782;Tilaj;20
8782;Zalacsány;20
8784;Kehidakustány;20
8785;Kallósd;20
8785;Zalaszentgrót;20
8788;Sénye;20
8788;Zalaszentlászló;20
8789;Zalaszentgrót;20
8790;Zalaszentgrót;20
8792;Zalavég;20
8793;Zalaszentgrót;20
8795;Zalaszentgrót;20
8796;Türje;11
8797;Batyk;20
8798;Zalabér;20
8799;Dötk;18
8799;Pakod;20
8800;Nagykanizsa;20
8808;Nagykanizsa;20
8809;Nagykanizsa;20
8821;Nagybakónak;20
8822;Zalaújlak;20
8824;Sand;20
8825;Miháld;20
8825;Pat;20
8827;Zalaszentjakab;20
8831;Liszó;20
8831;Nagykanizsa;20
8834;Murakeresztúr;20
8835;Fityeház;20
8840;Csurgó;15
8840;Csurgónagymarton;15
8849;Szenta;15
8851;Gyékényes;15
8853;Zákány;15
8854;Őrtilos;17
8855;Belezna;20
8856;Nemespátró;20
8856;Surd;19
8858;Porrog;19
8858;Porrogszentkirály;18
8858;Porrogszentpál;15
8858;Somogybükkösd;15
8861;Szepetnek;20
8862;Semjénháza;20
8863;Molnári;18
8864;Tótszerdahely;11
8865;Tótszentmárton;15
8866;Becsehely;20
8866;Petrivente;20
8868;Kistolmács;20
8868;Letenye;20
8868;Murarátka;20
8868;Zajk;20
8872;Muraszemenye;20
8872;Szentmargitfalva;20
8873;Csörnyeföld;14
8874;Dobri;20
8874;Kerkaszentkirály;20
8876;Tormafölde;4
8877;Tornyiszentmiklós;11
8878;Lovászi;10
8879;Kerkateskánd;20
8879;Szécsisziget;20
8881;Sormás;14
8882;Eszteregnye;20
8883;Rigyác;20
8885;Borsfa;2
8885;Valkonya;20
8886;Oltárc;20
8887;Bázakerettye;20
8887;Lasztonya;20
8888;Kiscsehi;20
8888;Lispeszentadorján;20
8888;Maróc;20
8891;Bánokszentgyörgy;20
8891;Várfölde;20
8893;Bucsuta;20
8893;Szentliszló;20
8895;Pusztamagyaród;4
8896;Pusztaszentlászló;4
8897;Söjtör;8
8900;Zalaegerszeg;20
8911;Kiskutas;20
8911;Nagykutas;20
8912;Kispáli;20
8912;Nagypáli;20
8913;Egervár;20
8913;Gősfa;15
8913;Lakhegy;20
8914;Vasboldogasszony;20
8915;Nemesrádó;20
8917;Milejszeg;20
8918;Csonkahegyhát;19
8918;Németfalu;20
8919;Kustánszeg;20
8921;Alibánfa;20
8921;Pethőhenye;20
8921;Zalaszentiván;20
8921;Zalaszentlőrinc;20
8923;Nemesapáti;20
8924;Alsónemesapáti;20
8925;Bucsuszentlászló;20
8925;Kisbucsa;20
8925;Nemeshetés;20
8925;Nemessándorháza;20
8925;Nemesszentandrás;20
8929;Pölöske;14
8931;Kemendollár;20
8931;Vöckönd;20
8932;Gyűrűs;20
8932;Pókaszepetk;20
8932;Zalaistvánd;20
8934;Bezeréd;20
8935;Almásháza;20
8935;Misefa;20
8935;Nagykapornak;20
8935;Orbányosfa;20
8935;Padár;20
8936;Zalaszentmihály;20
8943;Bocfölde;10
8943;Csatár;20
8944;Sárhida;20
8945;Bak;20
8946;Baktüttös;20
8946;Pusztaederics;20
8946;Tófej;20
8947;Szentkozmadombja;20
8947;Zalatárnok;20
8948;Barlahida;20
8948;Nova;10
8949;Mikekarácsonyfa;20
8951;Csertalakos;20
8951;Gutorfölde;20
8953;Szentpéterfölde;20
8954;Ortaháza;20
8956;Kányavár;20
8956;Páka;20
8956;Pördefölde;15
8957;Csömödér;7
8957;Hernyék;20
8957;Kissziget;20
8957;Zebecke;20
8958;Iklódbördőce;20
8960;Lenti;20
8966;Lenti;20
8969;Bödeháza;10
8969;Gáborjánháza;20
8969;Szijártóháza;20
8969;Zalaszombatfa;20
8971;Kerkabarabás;20
8971;Zalabaksa;20
8973;Alsószenterzsébet;20
8973;Csesztreg;20
8973;Felsőszenterzsébet;20
8973;Kerkafalva;20
8973;Kerkakutas;20
8973;Magyarföld;20
8973;Ramocsa;20
8975;Szentgyörgyvölgy;20
8976;Márokföld;20
8976;Nemesnép;20
8977;Baglad;20
8977;Lendvajakabfa;20
8977;Resznek;20
8978;Belsősárd;20
8978;Gosztola;20
8978;Külsősárd;3
8978;Lendvadedes;20
8978;Rédics;20
8981;Gellénháza;20
8981;Lickóvadamos;20
8983;Babosdöbréte;20
8983;Nagylengyel;20
8983;Ormándlak;18
8984;Gombosszeg;14
8984;Iborfia;20
8984;Petrikeresztúr;20
8985;Becsvölgye;20
8986;Pórszombat;8
8986;Pusztaapáti;20
8986;Szilvágy;20
8988;Kálócfa;20
8988;Kozmadombja;19
8989;Dobronhegy;6
8990;Pálfiszeg;20
8991;Böde;8
8991;Hottó;17
8991;Teskánd;20
8992;Bagod;20
8992;Boncodfölde;20
8992;Hagyárosbörönd;20
8992;Zalaboldogfa;20
8994;Kávás;20
8994;Zalaszentgyörgy;20
8995;Keménfa;20
8995;Salomvár;20
8996;Zalacséb;20
8997;Zalaháshágy;20
8998;Ozmánbük;6
8998;Vaspör;20
8999;Csöde;7
8999;Zalalövő;20
9000;Győr;8
9011;Győr;8
9012;Győr;8
9019;Győr;17
9021;Győr;8
9022;Győr;8
9023;Győr;8
9024;Győr;8
9025;Győr;8
9026;Győr;8
9027;Győr;8
9028;Győr;8
9029;Győr;8
9030;Győr;8
9061;Vámosszabadi;4
9062;Kisbajcs;8
9062;Vének;8
9063;Nagybajcs;8
9071;Gönyű;4
9072;Nagyszentjános;8
9073;Bőny;4
9074;Rétalap;8
9081;Győrújbarát;8
9082;Nyúl;8
9083;Écs;8
9084;Győrság;8
9085;Pázmándfalu;8
9086;Töltéstava;1
9088;Bakonypéterd;8
9089;Lázi;8
9090;Pannonhalma;8
9091;Ravazd;8
9092;Tarjánpuszta;8
9093;Győrasszonyfa;8
9094;Tápszentmiklós;8
9095;Táp;8
9096;Nyalka;8
9097;Mezőörs;8
9098;Mezőörs;8
9099;Pér;8
9100;Tét;8
9111;Tényő;8
9112;Sokorópátka;1
9113;Koroncó;16
9121;Győrszemere;8
9122;Felpéc;8
9123;Kajárpéc;8
9124;Gyömöre;8
9125;Szerecseny;8
9126;Gyarmat;8
9127;Csikvánd;8
9131;Mórichida;15
9132;Árpás;8
9133;Kisbabot;8
9133;Rábaszentmiklós;8
9134;Bodonhely;4
9135;Rábaszentmihály;8
9136;Mérges;8
9136;Rábacsécsény;8
9141;Ikrény;8
9142;Rábapatona;8
9143;Enese;8
9144;Kóny;2
9145;Bágyogszovát;8
9146;Rábapordány;8
9147;Dör;19
9151;Abda;8
9152;Börcs;4
9153;Öttevény;13
9154;Mosonszentmiklós;8
9155;Lébény;8
9161;Győrsövényház;8
9162;Bezi;8
9163;Fehértó;8
9164;Markotabödöge;8
9165;Cakóháza;8
9165;Rábcakapi;8
9165;Tárnokréti;8
9167;Bősárkány;15
9168;Acsalag;8
9169;Barbacs;8
9169;Maglóca;8
9171;Győrújfalu;8
9172;Győrzámoly;8
9173;Győrladamér;17
9174;Dunaszeg;8
9175;Dunaszentpál;8
9176;Mecsér;8
9177;Ásványráró;8
9178;Hédervár;8
9181;Kimle;8
9183;Mosonszentmiklós;8
9184;Kunsziget;4
9200;Mosonmagyaróvár;8
9211;Feketeerdő;8
9221;Levél;8
9222;Hegyeshalom;8
9223;Bezenye;8
9224;Rajka;8
9225;Dunakiliti;8
9226;Dunasziget;8
9228;Halászi;8
9231;Máriakálnok;8
9232;Darnózseli;8
9233;Lipót;8
9234;Kisbodak;8
9235;Dunaremete;8
9235;Püski;20
9241;Jánossomorja;8
9242;Jánossomorja;8
9243;Várbalog;8
9244;Újrónafő;8
9245;Mosonszolnok;2
9300;Csorna;20
9311;Pásztori;8
9312;Szilsárkány;8
9313;Rábacsanak;8
9314;Egyed;8
9315;Sobor;8
9316;Rábaszentandrás;8
9317;Szany;8
9321;Farád;8
9322;Rábatamási;8
9323;Jobaháza;8
9324;Bogyoszló;2
9324;Potyond;20
9325;Sopronnémeti;18
9326;Szil;8
9327;Rábasebes;8
9327;Vág;8
9330;Kapuvár;8
9339;Kapuvár;8
9341;Kisfalud;8
9342;Mihályi;8
9343;Beled;8
9343;Edve;8
9343;Vásárosfalu;8
9344;Rábakecöl;8
9345;Páli;8
9346;Magyarkeresztúr;8
9346;Vadosfa;8
9346;Zsebeháza;8
9351;Babót;8
9352;Veszkény;8
9353;Szárföld;8
9354;Osli;18
9361;Hövej;8
9362;Himod;8
9363;Gyóró;8
9364;Cirák;8
9365;Dénesfa;8
9371;Vitnyéd;8
9372;Csapod;8
9373;Pusztacsalád;3
9374;Iván;8
9375;Csáfordjánosfa;8
9375;Csér;8
9375;Répceszemere;8
9400;Sopron;8
9407;Sopron;8
9408;Sopron;8
9421;Fertőrákos;8
9422;Harka;8
9423;Ágfalva;8
9431;Fertőd;8
9433;Fertőd;8
9434;Sarród;8
9435;Sarród;8
9436;Fertőszéplak;8
9437;Hegykő;8
9441;Agyagosszergény;8
9442;Fertőendréd;8
9443;Petőháza;8
9444;Fertőszentmiklós;8
9451;Ebergőc;8
9451;Röjtökmuzsaj;19
9461;Lövő;8
9462;Völcsej;8
9463;Sopronhorpács;8
9464;Und;4
9471;Nemeskér;8
9472;Újkér;8
9473;Egyházasfalu;8
9474;Gyalóka;8
9474;Szakony;8
9475;Répcevis;8
9476;Zsira;8
9481;Pinnye;8
9482;Nagylózs;8
9483;Sopronkövesd;8
9484;Pereszteg;8
9485;Nagycenk;8
9491;Hidegség;8
9492;Fertőhomok;8
9493;Fertőboz;8
9494;Sopron;8
9495;Kópháza;13
9500;Celldömölk;18
9511;Kemenesmihályfa;18
9512;Ostffyasszonyfa;16
9513;Csönge;3
9514;Kenyeri;18
9515;Pápoc;18
9516;Vönöck;18
9517;Kemenessömjén;18
9521;Kemenesszentmárton;18
9522;Kemenesmagasi;18
9523;Szergény;18
9531;Mersevát;18
9532;Külsővat;1
9533;Nemesszalók;19
9534;Marcalgergelyi;19
9535;Vinár;19
9541;Celldömölk;18
9542;Boba;20
9542;Nemeskocs;18
9544;Kemenespálfa;18
9545;Jánosháza;18
9547;Karakó;18
9548;Nemeskeresztúr;18
9549;Keléd;18
9551;Mesteri;18
9552;Vásárosmiske;18
9553;Kemeneskápolna;18
9553;Köcsk;16
9554;Borgáta;13
9554;Egyházashetye;18
9555;Kissomlyó;18
9556;Duka;18
9561;Nagysimonyi;18
9561;Tokorcs;9
9600;Sárvár;18
9608;Sárvár;18
9609;Sárvár;18
9611;Csénye;18
9612;Bögöt;12
9612;Porpác;20
9621;Ölbő;20
9622;Szeleste;18
9623;Répceszentgyörgy;18
9624;Chernelházadamonya;18
9625;Bő;18
9625;Gór;4
9631;Hegyfalu;18
9632;Sajtoskál;18
9633;Simaság;18
9634;Iklanberény;18
9634;Lócs;18
9635;Zsédeny;18
9636;Pósfa;20
9641;Rábapaty;18
9643;Jákfa;18
9651;Uraiújfalu;14
9652;Nick;18
9653;Répcelak;18
9654;Csánig;18
9661;Vasegerszeg;18
9662;Mesterháza;18
9662;Tompaládony;4
9663;Nemesládony;18
9664;Nagygeresd;18
9665;Vámoscsalád;18
9671;Sitke;18
9672;Gérce;18
9673;Káld;18
9674;Vashosszúfalu;18
9675;Bögöte;13
9676;Hosszúpereszteg;15
9681;Sótony;7
9682;Nyőgér;4
9683;Bejcgyertyános;18
9684;Egervölgy;18
9685;Szemenye;18
9700;Szombathely;2
9707;Szombathely;14
9719;Szombathely;4
9721;Gencsapáti;18
9722;Perenye;18
9723;Gyöngyösfalu;10
9724;Lukácsháza;18
9725;Cák;18
9725;Kőszegdoroszló;3
9725;Kőszegszerdahely;3
9726;Velem;18
9727;Bozsok;20
9730;Kőszeg;3
9733;Horvátzsidány;2
9733;Kiszsidány;18
9733;Ólmod;6
9734;Peresznye;18
9735;Csepreg;18
9736;Tormásliget;4
9737;Bük;18
9738;Tömörd;20
9739;Kőszegpaty;14
9739;Nemescsó;18
9739;Pusztacsó;17
9740;Bük;15
9741;Vassurány;18
9742;Salköveskút;18
9743;Söpte;18
9744;Vasasszonyfa;18
9745;Meszlen;18
9746;Acsád;18
9747;Vasszilvágy;18
9748;Vát;18
9749;Nemesbőd;16
9751;Vép;18
9752;Bozzai;15
9752;Kenéz;18
9754;Megyehid;18
9754;Pecöl;18
9756;Ikervár;18
9757;Meggyeskovácsi;18
9761;Táplánszentkereszt;18
9762;Tanakajd;18
9763;Vasszécseny;18
9764;Csempeszkopács;18
9766;Rábatöttös;18
9766;Rum;18
9766;Zsennye;18
9771;Balogunyom;18
9772;Kisunyom;18
9773;Sorokpolány;4
9774;Gyanógeregye;18
9774;Sorkifalud;18
9774;Sorkikápolna;13
9775;Nemeskolta;18
9776;Püspökmolnári;18
9777;Rábahidvég;18
9781;Egyházashollós;18
9782;Nemesrempehollós;18
9783;Egyházasrádóc;18
9784;Harasztifalu;18
9784;Nagykölked;15
9784;Rádóckölked;18
9789;Sé;18
9791;Dozmat;4
9791;Torony;14
9792;Bucsu;18
9793;Narda;18
9794;Felsőcsatár;18
9795;Vaskeresztes;18
9796;Horvátlövő;18
9796;Pornóapáti;15
9797;Nárai;18
9798;Ják;18
9799;Szentpéterfa;18
9800;Vasvár;18
9811;Andrásfa;18
9812;Telekes;18
9813;Gersekarát;18
9813;Sárfimizdó;18
9814;Halastó;18
9821;Győrvár;18
9823;Pácsony;18
9824;Olaszfa;16
9825;Oszkó;14
9826;Hegyhátszentpéter;18
9826;Petőmihályfa;18
9831;Bérbaltavár;18
9832;Nagytilaj;18
9833;Csehi;18
9834;Csehimindszent;18
9835;Mikosszéplak;18
9836;Csipkerek;18
9841;Kám;18
9842;Alsóújlak;18
9900;Körmend;18
9909;Körmend;2
9909;Magyarnádalja;18
9912;Magyarszecsőd;18
9912;Molnaszecsőd;2
9913;Döröske;19
9913;Nagymizdó;18
9913;Szarvaskend;18
9914;Döbörhegy;3
9915;Hegyháthodász;18
9915;Hegyhátsál;18
9915;Katafa;18
9915;Nádasd;18
9917;Daraboshegy;18
9917;Halogy;18
9918;Felsőmarác;18
9919;Csákánydoroszló;18
9921;Vasalja;18
9922;Pinkamindszent;18
9923;Kemestaródfa;18
9931;Hegyhátszentmárton;18
9931;Ivánc;18
9932;Viszák;18
9933;Őrimagyarósd;8
9934;Felsőjánosfa;18
9934;Hegyhátszentjakab;18
9934;Szaknyér;18
9935;Szőce;15
9936;Kisrákos;18
9937;Pankasz;18
9938;Nagyrákos;18
9938;Szatta;18
9941;Ispánk;18
9941;Őriszentpéter;18
9942;Szalafő;18
9943;Kondorfa;16
9944;Bajánsenye;18
9944;Kerkáskápolna;18
9945;Kercaszomor;18
9946;Magyarszombatfa;18
9946;Velemér;18
9951;Rátót;18
9952;Gasztony;18
9953;Nemesmedves;18
9953;Vasszentmihály;18
9954;Rönök;16
9955;Szentgotthárd;18
9961;Rábagyarmat;18
9962;Csörötnek;18
9962;Magyarlak;18
9970;Szentgotthárd;18
9981;Szentgotthárd;18
9982;Apátistvánfalva;18
9982;Kétvölgy;18
9982;Orfalu;12
9983;Alsószölnök;18
9983;Szakonyfalu;18
9985;Felsőszölnök;18
